imo,timestamp,lat,lon,berth_id,navigational_status
1234567,2022-02-01 00:58:32.200000+00:00,17.31057,131.22367,,15
1234567,2022-02-01 01:59:38+00:00,17.08833333333333,131.12333333333333,,0
1234567,2022-02-01 02:56:41+00:00,16.88197166666667,131.03119166666667,,0
1234567,2022-02-01 03:55:13+00:00,16.667118333333335,130.93252166666667,,15
1234567,2022-02-01 04:59:01+00:00,16.429371666666665,130.82825666666665,,0
1234567,2022-02-01 05:55:43+00:00,16.219543333333334,130.728585,,15
1234567,2022-02-01 06:56:02.040000+00:00,15.99378,130.62786,,15
1234567,2022-02-01 07:56:14.280000+00:00,15.76953,130.533,,15
1234567,2022-02-01 08:56:32.230000+00:00,15.55096,130.42625,,15
1234567,2022-02-01 09:56:43.950000+00:00,15.32742,130.33043,,15
1234567,2022-02-01 10:57:07+00:00,15.101695000000001,130.23122833333335,,15
1234567,2022-02-01 11:57:19.220000+00:00,14.87765,130.12959,,15
1234567,2022-02-01 12:59:16+00:00,14.648251666666665,130.02769833333335,,0
1234567,2022-02-01 13:59:44+00:00,14.426838333333334,129.92860666666667,,0
1234567,2022-02-01 14:58:01.810000+00:00,14.20928,129.83115,,15
1234567,2022-02-01 15:58:25.260000+00:00,13.98268,129.73179,,15
1234567,2022-02-01 16:58:37.030000+00:00,13.75629,129.62874,,15
1234567,2022-02-01 17:58:49.630000+00:00,13.52853,129.52741,,15
1234567,2022-02-01 18:44:01.180000+00:00,13.35892,129.45245,,15
1234567,2022-02-01 19:44:19.060000+00:00,13.13071,129.3536,,15
1234567,2022-02-01 20:44:36.650000+00:00,12.90394,129.25047,,15
1234567,2022-02-01 21:31:33.230000+00:00,12.72933,129.17383,,15
1234567,2022-02-01 22:58:33.350000+00:00,12.40473,129.0298,,15
1234567,2022-02-01 23:13:39.640000+00:00,12.34873,129.00315,,15
1234567,2022-02-02 00:30:48.810000+00:00,12.05675,128.87585,,15
1234567,2022-02-02 01:38:43+00:00,11.79419,128.75995,,0
1234567,2022-02-02 02:59:38+00:00,11.479999999999999,128.62333333333333,,0
1234567,2022-02-02 03:54:36.230000+00:00,11.27005,128.5298,,15
1234567,2022-02-02 04:44:38+00:00,11.079715,128.44512666666665,,0
1234567,2022-02-02 05:52:12+00:00,10.822326666666667,128.33676166666666,,0
1234567,2022-02-02 06:50:40+00:00,10.598333333333333,128.23333333333332,,0
1234567,2022-02-02 07:58:36+00:00,10.3351,128.11245166666666,,0
1234567,2022-02-02 08:38:11.360000+00:00,10.17864,128.0485,,15
1234567,2022-02-02 09:44:52.460000+00:00,9.91723,127.93337,,15
1234567,2022-02-02 10:54:29+00:00,9.645361666666668,127.81806333333334,,0
1234567,2022-02-02 11:59:57+00:00,9.387426666666666,127.70161333333334,,0
1234567,2022-02-02 12:51:48+00:00,9.180433333333333,127.61017333333332,,0
1234567,2022-02-02 13:39:58+00:00,8.98883,127.52532500000001,,15
1234567,2022-02-02 14:44:40+00:00,8.733333333333333,127.41666666666667,,0
1234567,2022-02-02 15:16:21+00:00,8.60612,127.36178,,0
1234567,2022-02-02 16:59:25+00:00,8.175851666666667,127.17280666666667,,0
1234567,2022-02-02 17:52:39.520000+00:00,7.95079,127.07487,,15
1234567,2022-02-02 18:45:51+00:00,7.723425000000001,126.97860166666666,,0
1234567,2022-02-02 19:56:01+00:00,7.421231666666667,126.84605166666667,,15
1234567,2022-02-02 21:11:59+00:00,7.07672,126.69496000000001,,0
1234567,2022-02-02 22:37:46+00:00,6.682734999999999,126.52398166666667,,15
1234567,2022-02-02 23:56:43+00:00,6.333333333333333,126.36999999999999,,0
1234567,2022-02-03 00:49:30+00:00,6.115826666666666,126.22622833333334,,0
1234567,2022-02-03 01:32:23+00:00,5.95732,126.09529500000001,,0
1234567,2022-02-03 02:57:52.790000+00:00,5.6409,125.81878,,15
1234567,2022-02-03 03:41:18+00:00,5.485733333333333,125.69579666666667,,0
1234567,2022-02-03 04:44:53.630000+00:00,5.28426,125.5033,,15
1234567,2022-02-03 05:57:10+00:00,5.0976783333333335,125.250445,,0
1234567,2022-02-03 06:32:41+00:00,5.00833,125.12667,,0
1234567,2022-02-03 07:36:12+00:00,4.852183333333333,124.90458833333334,,0
1234567,2022-02-03 08:56:36+00:00,4.64088,124.60986666666666,,0
1234567,2022-02-03 11:59:44+00:00,4.163333333333333,123.95333333333333,,0
1234567,2022-02-03 12:58:58+00:00,4.025238333333333,123.76041000000001,,0
1234567,2022-02-03 13:30:23+00:00,3.9559966666666666,123.664335,,15
1234567,2022-02-03 14:46:32+00:00,3.788745,123.43417833333334,,0
1234567,2022-02-03 15:48:03.260000+00:00,3.65869,123.25311,,15
1234567,2022-02-03 18:53:35.120000+00:00,3.25327,122.68555,,15
1234567,2022-02-03 19:53:39+00:00,3.115,122.50333333333333,,0
1234567,2022-02-03 20:37:14.230000+00:00,3.01865,122.36773,,15
1234567,2022-02-03 21:37:40.470000+00:00,2.88319,122.17923,,15
1234567,2022-02-03 22:37:51.670000+00:00,2.74829,121.99293,,15
1234567,2022-02-03 23:59:44+00:00,2.5733333333333333,121.74666666666667,,0
1234567,2022-02-04 00:59:10+00:00,2.442271666666667,121.57192666666667,,0
1234567,2022-02-04 01:50:26+00:00,2.33667,121.40833,,0
1234567,2022-02-04 02:23:28+00:00,2.2733333333333334,121.30166666666668,,0
1234567,2022-02-04 03:20:38+00:00,2.13833,121.13333,,0
1234567,2022-02-04 04:51:29+00:00,1.9317283333333333,120.863165,,0
1234567,2022-02-04 05:22:49+00:00,1.8419883333333333,120.78612,,0
1234567,2022-02-04 06:46:40+00:00,1.68981,120.51396,,0
1234567,2022-02-04 07:53:41+00:00,1.5283333333333333,120.32166666666667,,0
1234567,2022-02-04 11:35:38+00:00,1.0516666666666667,119.61833333333334,,0
1234567,2022-02-04 12:59:49+00:00,0.8426883333333334,119.363885,,15
1234567,2022-02-04 13:59:41+00:00,0.7066666666666667,119.17333333333333,,0
1234567,2022-02-04 14:54:29+00:00,0.5797,118.99726166666666,,0
1234567,2022-02-04 15:32:46.100000+00:00,0.48655,118.87481,,15
1234567,2022-02-04 16:45:51.530000+00:00,0.32174,118.63927,,15
1234567,2022-02-04 17:53:37.180000+00:00,0.16515,118.42208,,15
1234567,2022-02-04 18:41:15.840000+00:00,0.05736,118.27754,,15
1234567,2022-02-04 19:50:41+00:00,-0.04667,118.13167,,0
1234567,2022-02-04 20:36:18.840000+00:00,-0.09604,118.06446,,15
1234567,2022-02-04 21:09:29.730000+00:00,-0.12169,118.02877,,15
1234567,2022-02-04 22:38:20.620000+00:00,-0.19774,117.92681,,15
1234567,2022-02-04 23:46:05.590000+00:00,-0.25186,117.81719,8717.0,15
1234567,2022-02-05 00:54:03.140000+00:00,-0.27781,117.68443,8717.0,15
1234567,2022-02-05 01:53:42+00:00,-0.295,117.67,8717.0,1
1234567,2022-02-05 02:53:38+00:00,-0.295,117.67,8717.0,1
1234567,2022-02-05 03:29:40+00:00,-0.295,117.67,8717.0,1
1234567,2022-02-05 06:14:58.710000+00:00,-0.29519,117.67139,8717.0,15
1234567,2022-02-05 07:59:58.570000+00:00,-0.29519,117.67132,8717.0,15
1234567,2022-02-05 08:36:01.550000+00:00,-0.29514,117.67041,8717.0,15
1234567,2022-02-05 09:02:54.500000+00:00,-0.29458,117.67108,8717.0,15
1234567,2022-02-05 11:44:40+00:00,-0.28500000000000003,117.67333333333333,8717.0,1
1234567,2022-02-05 12:59:41+00:00,-0.285,117.67333,8717.0,1
1234567,2022-02-05 13:38:41+00:00,-0.28500000000000003,117.67333333333333,8717.0,1
1234567,2022-02-05 15:14:38.190000+00:00,-0.28632,117.67514,8717.0,15
1234567,2022-02-05 19:32:42+00:00,-0.28667,117.675,8717.0,1
1234567,2022-02-05 20:56:39+00:00,-0.2866666666666667,117.675,8717.0,1
1234567,2022-02-05 23:50:42+00:00,-0.2866666666666667,117.67666666666668,8717.0,1
1234567,2022-02-06 00:35:41+00:00,-0.28667,117.67667,8717.0,1
1234567,2022-02-06 01:50:46+00:00,-0.285,117.67667,8717.0,1
1234567,2022-02-06 02:08:41+00:00,-0.285,117.67667,8717.0,1
1234567,2022-02-06 07:23:42+00:00,-0.28500000000000003,117.67666666666668,8717.0,1
1234567,2022-02-06 08:56:42+00:00,-0.28500000000000003,117.67666666666668,8717.0,1
1234567,2022-02-06 09:20:39+00:00,-0.28500000000000003,117.67666666666668,8717.0,1
1234567,2022-02-06 11:47:40+00:00,-0.2866666666666667,117.67666666666668,8717.0,1
1234567,2022-02-06 12:23:46+00:00,-0.28667,117.67667,8717.0,1
1234567,2022-02-06 13:50:40+00:00,-0.285,117.67667,8717.0,1
1234567,2022-02-06 14:53:41+00:00,-0.28667,117.67667,8717.0,1
1234567,2022-02-06 15:44:40+00:00,-0.28667,117.67667,8717.0,1
1234567,2022-02-06 17:53:48.418000+00:00,-0.28697,117.6769,8717.0,1
1234567,2022-02-06 19:56:41+00:00,-0.2866666666666667,117.675,8717.0,1
1234567,2022-02-06 21:56:52.360000+00:00,-0.28734,117.6761,8717.0,15
1234567,2022-02-06 22:32:51.950000+00:00,-0.28728,117.67627,8717.0,15
1234567,2022-02-06 23:53:52.610000+00:00,-0.28737,117.67583,8717.0,15
1234567,2022-02-07 00:44:54.380000+00:00,-0.28734,117.67561,8717.0,15
1234567,2022-02-07 01:56:40+00:00,-0.2866666666666667,117.67333333333333,8717.0,1
1234567,2022-02-07 02:59:52.650000+00:00,-0.28775,117.67511,8717.0,15
1234567,2022-02-07 03:50:50+00:00,-0.28764500000000004,117.67476666666667,8717.0,15
1234567,2022-02-07 04:56:49.620000+00:00,-0.28754,117.67454,8717.0,15
1234567,2022-02-07 05:44:53.920000+00:00,-0.2876,117.67466,8717.0,15
1234567,2022-02-07 06:53:51+00:00,-0.28772,117.67498,8717.0,15
1234567,2022-02-07 07:59:49.580000+00:00,-0.28782,117.67537,8717.0,15
1234567,2022-02-07 08:29:55.700000+00:00,-0.28776,117.67514,8717.0,15
1234567,2022-02-07 09:53:50.620000+00:00,-0.28775,117.67541,8717.0,15
1234567,2022-02-07 10:59:56.540000+00:00,-0.28776,117.67549,8717.0,15
1234567,2022-02-07 11:32:52.940000+00:00,-0.28772,117.6753,8717.0,15
1234567,2022-02-07 12:59:53.910000+00:00,-0.28771,117.67538,8717.0,15
1234567,2022-02-07 13:59:52.530000+00:00,-0.28769,117.67548,8717.0,15
1234567,2022-02-07 14:47:58.090000+00:00,-0.28773,117.67563,8717.0,15
1234567,2022-02-07 15:56:57.120000+00:00,-0.28772,117.67573,8717.0,15
1234567,2022-02-07 16:44:55.460000+00:00,-0.2877,117.67594,8717.0,15
1234567,2022-02-07 17:53:54.440000+00:00,-0.28767,117.676,8717.0,15
1234567,2022-02-07 18:59:52.680000+00:00,-0.28775,117.67578,8717.0,15
1234567,2022-02-07 19:35:54.440000+00:00,-0.28769,117.67585,8717.0,15
1234567,2022-02-07 20:56:52.510000+00:00,-0.28771,117.676,8717.0,15
1234567,2022-02-07 21:50:57.370000+00:00,-0.28773,117.67605,8717.0,15
1234567,2022-02-07 22:59:54.090000+00:00,-0.28744,117.67669,8717.0,15
1234567,2022-02-07 23:47:56.770000+00:00,-0.28696,117.67739,8717.0,15
1234567,2022-02-08 00:50:56.100000+00:00,-0.2869,117.67746,8717.0,15
1234567,2022-02-08 01:53:57.240000+00:00,-0.28721,117.6771,8717.0,15
1234567,2022-02-08 02:56:57.570000+00:00,-0.287,117.67733,8717.0,15
1234567,2022-02-08 03:47:55.620000+00:00,-0.28677,117.67755,8717.0,15
1234567,2022-02-08 04:38:58.030000+00:00,-0.28657,117.67767,8717.0,15
1234567,2022-02-08 05:47:58.630000+00:00,-0.28614,117.67787,8717.0,15
1234567,2022-02-08 06:53:56.080000+00:00,-0.28608,117.67788,8717.0,15
1234567,2022-02-08 07:56:59.970000+00:00,-0.28629,117.67783,8717.0,15
1234567,2022-02-08 08:47:59.150000+00:00,-0.28645,117.67777,8717.0,15
1234567,2022-02-08 09:54:01.210000+00:00,-0.28663,117.67783,8717.0,15
1234567,2022-02-08 10:59:41+00:00,-0.2866666666666667,117.67666666666668,8717.0,1
1234567,2022-02-08 11:50:46+00:00,-0.2866666666666667,117.675,8717.0,1
1234567,2022-02-08 12:57:02.450000+00:00,-0.28758,117.6766,8717.0,15
1234567,2022-02-08 13:45:00.810000+00:00,-0.28768,117.67636,8717.0,15
1234567,2022-02-08 14:51:02.780000+00:00,-0.28773,117.67595,8717.0,15
1234567,2022-02-08 15:45:00.760000+00:00,-0.2878,117.67602,8717.0,15
1234567,2022-02-08 16:54:01.190000+00:00,-0.28765,117.67639,8717.0,15
1234567,2022-02-08 17:42:01.740000+00:00,-0.28761,117.67656,8717.0,15
1234567,2022-02-08 18:47:59.160000+00:00,-0.28772,117.67638,8717.0,15
1234567,2022-02-08 19:58:16.470000+00:00,-0.28748,117.67683,8717.0,15
1234567,2022-02-08 20:52:12.520000+00:00,-0.2876,117.67655,8717.0,15
1234567,2022-02-08 21:46:14.160000+00:00,-0.2875,117.67676,8717.0,15
1234567,2022-02-08 22:47:41+00:00,-0.2866666666666667,117.67666666666668,8717.0,1
1234567,2022-02-08 23:49:15.120000+00:00,-0.28722,117.67734,8717.0,15
1234567,2022-02-09 00:58:12+00:00,-0.28761833333333336,117.676715,8717.0,15
1234567,2022-02-09 01:58:11.270000+00:00,-0.28732,117.67703,8717.0,15
1234567,2022-02-09 02:58:11.720000+00:00,-0.28709,117.67726,8717.0,15
1234567,2022-02-09 03:55:16.040000+00:00,-0.28684,117.67745,8717.0,15
1234567,2022-02-09 04:55:13+00:00,-0.28674666666666665,117.67757333333334,8717.0,15
1234567,2022-02-09 05:58:14.440000+00:00,-0.28654,117.67775,8717.0,15
1234567,2022-02-09 06:55:15+00:00,-0.2865083333333333,117.67781833333333,8717.0,15
1234567,2022-02-09 07:50:41+00:00,-0.28500000000000003,117.67666666666668,8717.0,1
1234567,2022-02-09 08:52:14+00:00,-0.286495,117.67777833333334,8717.0,15
1234567,2022-02-09 09:58:16+00:00,-0.28671,117.67761333333333,8717.0,15
1234567,2022-02-09 10:49:17.930000+00:00,-0.28685,117.67745,8717.0,15
1234567,2022-02-09 11:59:47+00:00,-0.2866666666666667,117.67666666666668,8717.0,1
1234567,2022-02-09 12:52:18.470000+00:00,-0.28705,117.67706,8717.0,15
1234567,2022-02-09 13:50:59.010000+00:00,-0.28594,117.67628,8717.0,15
1234567,2022-02-09 14:58:46.190000+00:00,-0.25574,117.81132,8717.0,15
1234567,2022-02-09 15:59:04.310000+00:00,-0.15749,117.96436,,15
1234567,2022-02-09 16:59:34.120000+00:00,-0.0506,118.10778,,15
1234567,2022-02-09 17:59:54.440000+00:00,0.05284,118.25466,,15
1234567,2022-02-09 18:50:15.570000+00:00,0.11938,118.32612,,15
1234567,2022-02-09 19:53:42+00:00,0.215,118.47666666666667,,0
1234567,2022-02-09 20:21:02.580000+00:00,0.26253,118.5432,,15
1234567,2022-02-09 21:38:24.250000+00:00,0.38785,118.71544,,15
1234567,2022-02-09 22:08:42+00:00,0.435,118.78333333333333,,0
1234567,2022-02-09 23:53:46+00:00,0.6116666666666667,119.025,,0
1234567,2022-02-10 00:47:44+00:00,0.7,119.15167,,0
1234567,2022-02-10 01:50:41+00:00,0.81,119.3,,0
1234567,2022-02-10 02:41:41+00:00,0.8966666666666666,119.42166666666667,,0
1234567,2022-02-10 03:08:43+00:00,0.94167,119.485,,0
1234567,2022-02-10 04:39:24.440000+00:00,1.10153,119.69551,,15
1234567,2022-02-10 05:54:44.230000+00:00,1.2299,119.88227,,15
1234567,2022-02-10 06:55:13.600000+00:00,1.33677,120.03086,,15
1234567,2022-02-10 07:27:08+00:00,1.3926,120.10695,,0
1234567,2022-02-10 08:14:41+00:00,1.4716666666666667,120.21666666666667,,0
1234567,2022-02-10 09:50:30+00:00,1.64333,120.45667,,0
1234567,2022-02-10 11:32:42+00:00,1.82667,120.705,,0
1234567,2022-02-10 12:54:14+00:00,1.97009,120.90773,,0
1234567,2022-02-10 13:24:41+00:00,2.02424,120.98463,,0
1234567,2022-02-10 14:50:50+00:00,2.18139,121.19908,,0
1234567,2022-02-10 16:54:32+00:00,2.40239,121.51096,,0
1234567,2022-02-10 19:56:45+00:00,2.725,121.95,,0
1234567,2022-02-10 22:57:28+00:00,3.03672,122.37669,,0
1234567,2022-02-10 23:05:43+00:00,3.05,122.39667,,0
1234567,2022-02-11 00:05:55+00:00,3.15566,122.55057,,0
1234567,2022-02-11 02:07:23+00:00,3.36122,122.83435,,0
1234567,2022-02-11 03:11:43+00:00,3.46833,122.98667,,0
1234567,2022-02-11 04:00:02.371000+00:00,3.55331,123.10096,,0
1234567,2022-02-11 05:29:56+00:00,3.70881,123.31567,,0
1234567,2022-02-11 11:43:21+00:00,4.30756,124.14951,,0
1234567,2022-02-11 12:30:53+00:00,4.3802,124.24753,,0
1234567,2022-02-11 13:59:53+00:00,4.52032,124.44255,,0
1234567,2022-02-11 15:43:37.352000+00:00,4.68317,124.66883,,0
1234567,2022-02-11 17:40:05+00:00,4.86612,124.92525,,0
1234567,2022-02-11 18:47:14+00:00,4.97767,125.08223,,0
1234567,2022-02-11 22:35:43+00:00,5.415,125.635,,0
1234567,2022-02-12 00:56:16+00:00,5.722266666666667,125.88946666666668,,0
1234567,2022-02-12 01:48:31.790000+00:00,5.82308,125.98267,,15
1234567,2022-02-12 02:35:41+00:00,5.92,126.06833,,0
1234567,2022-02-12 03:56:03+00:00,6.09093,126.2149,,0
1234567,2022-02-12 04:52:01+00:00,6.2051766666666675,126.31326333333332,,0
1234567,2022-02-12 05:59:54+00:00,6.38165,126.38093,,0
1234567,2022-02-12 06:20:12+00:00,6.43403,126.40156,,0
1234567,2022-02-12 07:49:14+00:00,6.631983333333333,126.48388,,0
1234567,2022-02-12 08:17:34+00:00,6.69887,126.50942666666667,,0
1234567,2022-02-12 09:58:05+00:00,6.956365,126.61579333333334,,0
1234567,2022-02-12 10:50:47+00:00,7.086666666666667,126.67166666666667,,0
1234567,2022-02-12 11:56:43+00:00,7.235,126.73167,,0
1234567,2022-02-12 12:56:05+00:00,7.383315,126.76547166666666,,0
1234567,2022-02-12 13:51:16+00:00,7.52655,126.79654,,0
1234567,2022-02-12 16:47:35+00:00,7.981973333333333,126.89812,,0
1234567,2022-02-12 17:53:55+00:00,8.15778,126.93583,,0
1234567,2022-02-12 18:32:56+00:00,8.25944,126.95895,,0
1234567,2022-02-12 19:56:42+00:00,8.475,127.00833333333334,,0
1234567,2022-02-12 20:36:44+00:00,8.57642,127.04001,,0
1234567,2022-02-12 21:59:04+00:00,8.79411,127.07403,,0
1234567,2022-02-12 23:38:42+00:00,9.06,127.135,,0
1234567,2022-02-13 00:44:43+00:00,9.24,127.175,,0
1234567,2022-02-13 01:59:04+00:00,9.44613,127.22047,,0
1234567,2022-02-13 02:47:43+00:00,9.57667,127.24833,,0
1234567,2022-02-13 04:59:57+00:00,9.934666666666667,127.32848666666668,,0
1234567,2022-02-13 05:56:43+00:00,10.086666666666668,127.36166666666666,,0
1234567,2022-02-13 06:58:44.550000+00:00,10.25521,127.39875,,15
1234567,2022-02-13 07:48:35+00:00,10.394108333333332,127.43110833333334,,0
1234567,2022-02-13 08:18:50+00:00,10.489928333333333,127.45228666666667,,0
1234567,2022-02-13 09:44:43+00:00,10.73,127.505,,0
1234567,2022-02-13 10:55:42+00:00,10.920506666666666,127.546,,0
1234567,2022-02-13 11:32:09+00:00,11.01938,127.56852,,0
1234567,2022-02-13 12:39:25+00:00,11.204308333333334,127.60957666666667,,0
1234567,2022-02-13 13:52:56.860000+00:00,11.40649,127.65463,,15
1234567,2022-02-13 14:50:14.040000+00:00,11.56741,127.69164,,15
1234567,2022-02-13 15:50:42+00:00,11.735758333333333,127.729945,,15
1234567,2022-02-13 16:54:17+00:00,11.91176,127.76681,,0
1234567,2022-02-13 17:59:02+00:00,12.094204999999999,127.80894166666667,,0
1234567,2022-02-13 18:53:24+00:00,12.24596,127.843535,,0
1234567,2022-02-13 19:38:32+00:00,12.375,127.86833333333334,,0
1234567,2022-02-13 21:33:44+00:00,12.70254,127.94691,,0
1234567,2022-02-13 22:01:24+00:00,12.78327,127.96318166666667,,0
1234567,2022-02-13 23:47:48+00:00,13.091666666666667,128.03333333333333,,0
1234567,2022-02-14 00:31:15+00:00,13.2227,128.06094,,0
1234567,2022-02-14 01:31:01+00:00,13.4012,128.10093,,0
1234567,2022-02-14 02:17:43+00:00,13.54,128.13167,,0
1234567,2022-02-14 03:53:29.511000+00:00,13.82936,128.19613,,0
1234567,2022-02-14 04:49:15+00:00,13.998996666666667,128.23649333333333,,0
1234567,2022-02-14 05:57:32+00:00,14.210185,128.28276666666667,,0
1234567,2022-02-14 06:49:15.480000+00:00,14.38087,128.32168,,15
1234567,2022-02-14 07:49:33+00:00,14.595586666666666,128.36773166666666,,15
1234567,2022-02-14 08:49:45+00:00,14.808163333333333,128.41991666666667,,15
1234567,2022-02-14 09:08:32+00:00,14.875,128.43333333333334,,0
1234567,2022-02-14 11:41:44+00:00,15.413333333333332,128.55333333333334,,0
1234567,2022-02-14 12:47:44+00:00,15.648333333333333,128.60666666666665,,0
1234567,2022-02-14 13:07:56+00:00,15.72005,128.62323,,0
1234567,2022-02-14 14:02:43+00:00,15.916666666666666,128.66666666666666,,0
1234567,2022-02-14 15:46:52+00:00,16.29535,128.75551,,0
1234567,2022-02-14 16:41:28+00:00,16.491941666666666,128.79733166666668,,0
1234567,2022-02-14 17:44:52+00:00,16.718768333333333,128.8488,,0
1234567,2022-02-14 18:56:46+00:00,16.968333333333334,128.90833333333333,,0
1234567,2022-02-14 19:19:03+00:00,17.04919,128.92504166666666,,0
1234567,2022-02-14 20:38:43+00:00,17.326666666666664,128.98999999999998,,0
1234567,2022-02-14 23:26:44+00:00,17.91166666666667,129.12,,0
1234567,2022-02-15 00:59:44+00:00,18.235,129.195,,0
1234567,2022-02-15 01:11:44+00:00,18.278333333333332,129.205,,0
1234567,2022-02-15 03:49:09+00:00,18.859418333333334,129.34022166666668,,0
1234567,2022-02-15 04:51:00+00:00,19.070193333333336,129.38713166666668,,0
1234567,2022-02-15 05:42:19+00:00,19.23688,129.42842,,0
1234567,2022-02-15 06:53:46+00:00,19.473333333333336,129.48166666666665,,0
1234567,2022-02-15 07:45:51+00:00,19.651183333333332,129.52385666666666,,0
1234567,2022-02-15 08:26:45+00:00,19.785,129.555,,0
1234567,2022-02-15 09:33:40+00:00,20.0079,129.608315,,0
1234567,2022-02-15 11:53:44+00:00,20.456666666666667,129.71166666666667,,0
1234567,2022-02-15 12:35:11+00:00,20.588376666666665,129.740595,,0
1234567,2022-02-15 13:57:24+00:00,20.849515,129.80258,,15
1234567,2022-02-15 15:54:49+00:00,21.23835,129.89699,,0
1234567,2022-02-15 16:29:15+00:00,21.35451,129.9209,,0
1234567,2022-02-15 17:30:09+00:00,21.552788333333336,129.96814,,0
1234567,2022-02-15 18:38:46+00:00,21.77,130.01667,,0
1234567,2022-02-15 19:59:46+00:00,22.035,130.07833333333332,,0
1234567,2022-02-15 20:20:09+00:00,22.102813333333334,130.09383666666665,,0
1234567,2022-02-15 21:59:44+00:00,22.435,130.175,,0
1234567,2022-02-15 22:32:44+00:00,22.55167,130.20167,,0
1234567,2022-02-15 23:54:43+00:00,22.839398333333335,130.26915333333332,,0
1234567,2022-02-16 00:29:49+00:00,22.955,130.29667,,0
1234567,2022-02-16 01:11:45+00:00,23.095000000000002,130.33166666666665,,0
1234567,2022-02-16 02:56:13+00:00,23.4476,130.41528333333335,,0
1234567,2022-02-16 03:36:27+00:00,23.588748333333335,130.44806499999999,,0
1234567,2022-02-16 04:36:00+00:00,23.797788333333333,130.49872,,0
1234567,2022-02-16 05:53:02+00:00,24.063945,130.563415,,0
1234567,2022-02-16 06:33:48+00:00,24.208073333333335,130.59462833333333,,0
1234567,2022-02-16 07:53:45+00:00,24.486666666666668,130.66166666666666,,0
1234567,2022-02-16 09:46:20+00:00,24.879036666666664,130.75629,,0
1234567,2022-02-16 11:59:44+00:00,25.35666666666667,130.87166666666667,,0
1234567,2022-02-16 14:41:31+00:00,25.927851666666665,131.00514833333332,,0
1234567,2022-02-16 15:45:21+00:00,26.161578333333335,131.04501,,0
1234567,2022-02-16 16:15:44+00:00,26.27087,131.06527,,0
1234567,2022-02-16 17:48:42+00:00,26.59336,131.12358333333333,,0
1234567,2022-02-16 18:59:45+00:00,26.83833333333333,131.16833333333335,,0
1234567,2022-02-16 19:23:45+00:00,26.92167,131.18333,,0
1234567,2022-02-16 20:14:31+00:00,27.09763,131.21538,,0
1234567,2022-02-16 22:44:44+00:00,27.61833,131.31167,,0
1234567,2022-02-16 23:55:57+00:00,27.87144,131.3595,,0
1234567,2022-02-17 00:41:46+00:00,28.033333333333335,131.39,,0
1234567,2022-02-17 01:44:45+00:00,28.26833333333333,131.42666666666668,,0
1234567,2022-02-17 02:28:43+00:00,28.433006666666664,131.45918666666665,,0
1234567,2022-02-17 03:20:45+00:00,28.62333,131.49333,,0
1234567,2022-02-17 04:53:48+00:00,28.958333333333332,131.55833333333334,,0
1234567,2022-02-17 05:38:42+00:00,29.123333333333335,131.58666666666667,,0
1234567,2022-02-17 06:59:45+00:00,29.428333333333335,131.64333333333335,,0
1234567,2022-02-17 07:28:33+00:00,29.53879,131.66915,,0
1234567,2022-02-17 08:56:34+00:00,29.86667,131.72667,,0
1234567,2022-02-17 09:41:47+00:00,30.03963,131.75905333333333,,0
1234567,2022-02-17 10:29:44+00:00,30.226666666666667,131.79166666666666,,0
1234567,2022-02-17 11:45:08+00:00,30.52024,131.84324,,0
1234567,2022-02-17 12:40:08+00:00,30.725626666666667,131.88544833333333,,0
1234567,2022-02-17 13:57:48+00:00,31.01173,131.93843833333332,,15
1234567,2022-02-17 14:58:28+00:00,31.23041,131.98045333333332,,15
1234567,2022-02-17 15:58:57.950000+00:00,31.4426,132.02172,,15
1234567,2022-02-17 16:44:28.320000+00:00,31.60394,132.0512,,15
1234567,2022-02-17 17:59:45+00:00,31.876666666666665,132.10166666666666,,0
1234567,2022-02-17 18:44:29.910000+00:00,32.0438,132.13785,,15
1234567,2022-02-17 19:32:46+00:00,32.223333333333336,132.17,,0
1234567,2022-02-17 20:16:10+00:00,32.37780166666667,132.20335166666666,,0
1234567,2022-02-17 21:55:48+00:00,32.694896666666665,132.25447833333334,,0
1234567,2022-02-17 22:55:28+00:00,32.89302166666667,132.246015,,0
1234567,2022-02-17 23:55:49+00:00,33.029115000000004,132.23327166666667,,0
1234567,2022-02-18 00:56:17+00:00,33.1252,132.134015,,0
1234567,2022-02-18 01:56:28+00:00,33.18709333333333,132.02834333333334,,0
1234567,2022-02-18 02:56:58+00:00,33.344925,131.98537166666668,,0
1234567,2022-02-18 03:57:59+00:00,33.54484333333333,131.91366333333335,,0
1234567,2022-02-18 04:59:19+00:00,33.749945,131.84912333333332,,0
1234567,2022-02-18 05:56:48+00:00,33.934493333333336,131.77925333333332,,0
1234567,2022-02-18 06:57:30+00:00,33.96369833333333,131.77156333333335,,1
1234567,2022-02-18 07:42:33+00:00,33.964565,131.77130666666667,,1
1234567,2022-02-18 08:57:32+00:00,33.965383333333335,131.76979333333333,,1
1234567,2022-02-18 09:24:33.280000+00:00,33.9651,131.76759,,15
1234567,2022-02-18 10:54:33+00:00,33.96408666666667,131.766995,,1
1234567,2022-02-18 11:45:32+00:00,33.963881666666666,131.76684166666666,,1
1234567,2022-02-18 12:57:28+00:00,33.96293,131.76705833333332,,1
1234567,2022-02-18 13:48:29+00:00,33.9623,131.76766,,1
1234567,2022-02-18 14:57:32+00:00,33.961915,131.76953833333334,,15
1234567,2022-02-18 15:57:28+00:00,33.962395,131.770475,,1
1234567,2022-02-18 16:57:35+00:00,33.96239666666666,131.77051,,1
1234567,2022-02-18 17:57:34+00:00,33.9625,131.77054166666667,,15
1234567,2022-02-18 18:42:33+00:00,33.96229666666667,131.77002333333334,,1
1234567,2022-02-18 19:57:33+00:00,33.962615,131.76705166666667,,1
1234567,2022-02-18 20:57:32+00:00,33.963785,131.766645,,1
1234567,2022-02-18 21:57:33+00:00,33.96427166666667,131.76682666666667,,1
1234567,2022-02-18 22:57:32+00:00,33.96423,131.76678,,1
1234567,2022-02-18 23:54:32+00:00,33.96383333333333,131.766865,,15
1234567,2022-02-19 00:57:30+00:00,33.96449166666667,131.767,,1
1234567,2022-02-19 01:57:33+00:00,33.963071666666664,131.76711,,1
1234567,2022-02-19 02:57:33+00:00,33.96225166666667,131.770335,,1
1234567,2022-02-19 03:57:39+00:00,33.96229,131.77037,,1
1234567,2022-02-19 04:57:36+00:00,33.96271,131.77103833333334,,1
1234567,2022-02-19 05:57:38+00:00,33.96284166666667,131.77123833333334,,1
1234567,2022-02-19 06:57:36+00:00,33.963226666666664,131.77144666666666,,1
1234567,2022-02-19 07:57:34+00:00,33.96411666666667,131.771555,,1
1234567,2022-02-19 08:57:38+00:00,33.96557833333333,131.77006,,1
1234567,2022-02-19 09:57:33+00:00,33.96478166666667,131.767235,,1
1234567,2022-02-19 10:57:42+00:00,33.964055,131.76685333333333,,1
1234567,2022-02-19 11:54:41+00:00,33.96425333333333,131.76681666666667,,1
1234567,2022-02-19 12:57:40+00:00,33.96446666666667,131.76737666666665,,1
1234567,2022-02-19 13:57:35+00:00,33.963195,131.76728166666666,,1
1234567,2022-02-19 14:53:47+00:00,33.961666666666666,131.76833333333335,,1
1234567,2022-02-19 15:57:39+00:00,33.96303833333334,131.77147499999998,,15
1234567,2022-02-19 16:57:38+00:00,33.96292166666667,131.77143833333332,,15
1234567,2022-02-19 17:57:40+00:00,33.962891666666664,131.771505,,1
1234567,2022-02-19 18:57:42+00:00,33.963015,131.77136666666667,,15
1234567,2022-02-19 19:51:40+00:00,33.96243,131.77119,,1
1234567,2022-02-19 20:57:39+00:00,33.96197,131.77058333333332,,1
1234567,2022-02-19 21:57:43+00:00,33.962835,131.76781333333332,,1
1234567,2022-02-19 22:58:16+00:00,34.026331666666664,131.77717666666666,,0
1234567,2022-02-19 23:59:17+00:00,34.028075,131.78123166666666,12045.0,15
1234567,2022-02-20 00:14:18.240000+00:00,34.02808,131.78123,12045.0,15
1234567,2022-02-20 01:32:19.420000+00:00,34.02805,131.78122,12045.0,15
1234567,2022-02-20 02:59:18+00:00,34.0281,131.78122833333333,12045.0,5
1234567,2022-02-20 03:56:18+00:00,34.028088333333336,131.78124,12045.0,5
1234567,2022-02-20 04:59:14+00:00,34.02807,131.78122666666667,12045.0,15
1234567,2022-02-20 05:56:18+00:00,34.028061666666666,131.78122,12045.0,5
1234567,2022-02-20 06:56:46+00:00,34.026666666666664,131.78,,5
1234567,2022-02-20 07:56:19+00:00,34.02805,131.781235,12045.0,15
1234567,2022-02-20 08:56:18+00:00,34.028153333333336,131.78123166666666,12045.0,15
1234567,2022-02-20 09:53:16+00:00,34.028055,131.78124166666666,12045.0,15
1234567,2022-02-20 10:59:52+00:00,34.026666666666664,131.78,,5
1234567,2022-02-20 11:59:19+00:00,34.02806833333333,131.781205,12045.0,15
1234567,2022-02-20 12:50:42+00:00,34.026666666666664,131.78,,5
1234567,2022-02-20 13:56:19.800000+00:00,34.0281,131.78126,12045.0,15
1234567,2022-02-20 14:44:15+00:00,34.02806833333333,131.78124,12045.0,15
1234567,2022-02-20 15:50:23+00:00,34.02807,131.78124,12045.0,5
1234567,2022-02-20 16:53:35+00:00,34.026666666666664,131.78,,5
1234567,2022-02-20 17:50:23+00:00,34.028075,131.78123666666667,12045.0,15
1234567,2022-02-20 18:59:49+00:00,34.026666666666664,131.78,,5
1234567,2022-02-20 19:50:22+00:00,34.02806833333333,131.78124833333334,12045.0,15
1234567,2022-02-20 20:50:26.770000+00:00,34.02806,131.78123,12045.0,15
1234567,2022-02-20 21:50:27+00:00,34.028056666666664,131.78123,12045.0,15
1234567,2022-02-20 22:56:19+00:00,34.02804833333333,131.78123833333333,12045.0,5
1234567,2022-02-20 23:59:19+00:00,34.02806833333333,131.78123833333333,12045.0,5
1234567,2022-02-21 00:56:20+00:00,34.02806,131.781235,12045.0,5
1234567,2022-02-21 01:56:23+00:00,34.02807833333333,131.78125333333335,12045.0,5
1234567,2022-02-21 02:59:21+00:00,34.028101666666664,131.78121,12045.0,15
1234567,2022-02-21 03:41:23.840000+00:00,34.02809,131.78124,12045.0,15
1234567,2022-02-21 05:50:25+00:00,34.02809833333333,131.781245,12045.0,15
1234567,2022-02-21 06:56:25.940000+00:00,34.02807,131.78128,12045.0,15
1234567,2022-02-21 07:38:26+00:00,34.02800666666666,131.781235,12045.0,15
1234567,2022-02-21 08:59:23+00:00,34.02805166666666,131.78122166666668,12045.0,15
1234567,2022-02-21 09:56:22+00:00,34.028065,131.78117833333334,12045.0,5
1234567,2022-02-21 10:56:30.460000+00:00,34.02802,131.78127,12045.0,15
1234567,2022-02-21 11:59:25.110000+00:00,34.02806,131.7812,12045.0,15
1234567,2022-02-21 12:44:28.370000+00:00,34.02807,131.78122,12045.0,15
1234567,2022-02-21 13:59:47+00:00,34.026666666666664,131.78,,5
1234567,2022-02-21 14:41:47+00:00,34.026666666666664,131.78,,5
1234567,2022-02-21 15:32:23+00:00,34.02807,131.78123,12045.0,5
1234567,2022-02-21 16:56:29+00:00,34.028061666666666,131.78123333333332,12045.0,5
1234567,2022-02-21 17:56:30+00:00,34.02806666666667,131.78123833333333,12045.0,15
1234567,2022-02-21 18:53:24.380000+00:00,34.02811,131.78124,12045.0,15
1234567,2022-02-21 19:56:32.310000+00:00,34.02807,131.78124,12045.0,15
1234567,2022-02-21 20:11:49+00:00,34.02667,131.78,,5
1234567,2022-02-21 21:41:46+00:00,34.026666666666664,131.78,,5
1234567,2022-02-21 22:59:35+00:00,34.028061666666666,131.78123666666667,12045.0,15
1234567,2022-02-21 23:44:31.960000+00:00,34.02809,131.78123,12045.0,15
1234567,2022-02-22 00:32:28+00:00,34.02806833333333,131.78124,12045.0,15
1234567,2022-02-22 01:56:29+00:00,34.02808666666667,131.78125333333335,12045.0,5
1234567,2022-02-22 02:59:29+00:00,34.028105000000004,131.78123333333332,12045.0,5
1234567,2022-02-22 03:59:28+00:00,34.028103333333334,131.78125333333335,12045.0,5
1234567,2022-02-22 04:56:30+00:00,34.02806666666667,131.78121833333333,12045.0,5
1234567,2022-02-22 05:56:30+00:00,34.02806,131.78122833333333,12045.0,5
1234567,2022-02-22 06:53:32+00:00,34.02804666666667,131.78122666666667,12045.0,15
1234567,2022-02-22 07:56:32.830000+00:00,34.02806,131.78123,12045.0,15
1234567,2022-02-22 08:59:33.590000+00:00,34.02804,131.78125,12045.0,15
1234567,2022-02-22 09:50:34+00:00,34.028085,131.78124,12045.0,15
1234567,2022-02-22 10:44:36.030000+00:00,34.02804,131.78124,12045.0,15
1234567,2022-02-22 11:50:32.730000+00:00,34.02808,131.78122,12045.0,15
1234567,2022-02-22 12:59:48+00:00,34.026666666666664,131.78,,5
1234567,2022-02-22 13:56:32+00:00,34.02808,131.78127,12045.0,5
1234567,2022-02-22 14:56:30+00:00,34.028075,131.78124,12045.0,5
1234567,2022-02-22 15:59:33.920000+00:00,34.02808,131.78123,12045.0,15
1234567,2022-02-22 16:56:32.810000+00:00,34.02806,131.78123,12045.0,15
1234567,2022-02-22 17:59:32.150000+00:00,34.02807,131.78124,12045.0,15
1234567,2022-02-22 18:56:37+00:00,34.02803333333333,131.78124333333332,12045.0,5
1234567,2022-02-22 19:59:37+00:00,34.02805333333333,131.78123666666667,12045.0,15
1234567,2022-02-22 20:59:36+00:00,34.02808666666667,131.78123,12045.0,5
1234567,2022-02-22 21:53:48+00:00,34.026666666666664,131.78,,5
1234567,2022-02-22 22:59:40.850000+00:00,34.02806,131.78124,12045.0,15
1234567,2022-02-22 23:59:37+00:00,34.028103333333334,131.781225,12045.0,5
1234567,2022-02-23 00:59:38+00:00,34.028058333333334,131.78124166666666,12045.0,15
1234567,2022-02-23 01:56:33+00:00,34.028061666666666,131.78123333333332,12045.0,15
1234567,2022-02-23 02:53:39.130000+00:00,34.02808,131.78121,12045.0,15
1234567,2022-02-23 03:56:36+00:00,34.02806666666667,131.78121166666668,12045.0,5
1234567,2022-02-23 04:56:40+00:00,33.89497333333333,131.75736833333335,,0
1234567,2022-02-23 05:57:10+00:00,33.64572166666667,131.79470666666666,,0
1234567,2022-02-23 06:59:47+00:00,33.405,131.91,,0
1234567,2022-02-23 07:59:35+00:00,33.249948333333336,131.99383500000002,,15
1234567,2022-02-23 08:59:46+00:00,33.071345,132.20322666666667,,15
1234567,2022-02-23 09:57:56+00:00,32.85851666666667,132.34201666666667,,0
1234567,2022-02-23 10:58:10+00:00,32.651385,132.46652,,0
1234567,2022-02-23 11:58:16+00:00,32.595255,132.77509166666667,,0
1234567,2022-02-23 12:58:29+00:00,32.561189999999996,133.068085,,0
1234567,2022-02-23 13:59:46+00:00,32.59561333333333,133.35375000000002,,15
1234567,2022-02-23 14:58:50+00:00,32.661381666666664,133.61811833333334,,0
1234567,2022-02-23 15:59:13+00:00,32.72998333333333,133.886075,,0
1234567,2022-02-23 16:59:54+00:00,32.79929,134.15495666666666,,0
1234567,2022-02-23 17:56:47+00:00,32.865,134.40666666666667,,0
1234567,2022-02-23 18:55:27+00:00,32.929201666666664,134.66440333333333,,0
1234567,2022-02-23 19:55:19+00:00,32.99201166666667,134.92093333333335,,0
1234567,2022-02-23 20:55:07+00:00,33.05404,135.17786166666667,,0
1234567,2022-02-23 21:56:51+00:00,33.126666666666665,135.435,,0
1234567,2022-02-23 22:55:08+00:00,33.190841666666664,135.68875500000001,,0
1234567,2022-02-23 23:55:04+00:00,33.267655,135.94616333333335,,0
1234567,2022-02-24 00:59:36+00:00,33.37029333333333,136.21207333333334,,0
1234567,2022-02-24 01:55:03+00:00,33.464605,136.43819166666668,,0
1234567,2022-02-24 02:57:43+00:00,33.571684999999995,136.69943666666668,,0
1234567,2022-02-24 03:55:00+00:00,33.673341666666666,136.9408,,0
1234567,2022-02-24 04:55:01+00:00,33.77577333333333,137.18972333333335,,0
1234567,2022-02-24 05:56:48+00:00,33.87833333333334,137.44500000000002,,0
1234567,2022-02-24 06:55:02+00:00,33.983776666666664,137.69570000000002,,0
1234567,2022-02-24 07:57:33+00:00,34.09705,137.96733666666665,,0
1234567,2022-02-24 08:55:02+00:00,34.20071333333333,138.223275,,0
1234567,2022-02-24 09:55:08+00:00,34.31516,138.50782666666666,,0
1234567,2022-02-24 10:57:09+00:00,34.44202,138.8034066666667,,0
1234567,2022-02-24 11:58:14+00:00,34.56653666666667,139.10642,,0
1234567,2022-02-24 12:59:23+00:00,34.60655333333333,139.42955500000002,,15
1234567,2022-02-24 13:57:43+00:00,34.59538166666667,139.75397333333333,,0
1234567,2022-02-24 14:57:43+00:00,34.609405,140.08498999999998,,0
1234567,2022-02-24 15:55:43+00:00,34.61013333333334,140.39359833333336,,0
1234567,2022-02-24 16:57:58+00:00,34.60554166666667,140.71429,,15
1234567,2022-02-24 17:59:51+00:00,34.60333333333333,141.02666666666667,,0
1234567,2022-02-24 18:42:48+00:00,34.59936166666667,141.251235,,0
1234567,2022-02-24 19:44:53+00:00,34.60259,141.56879,,0
1234567,2022-02-24 20:58:29+00:00,34.601875,141.93303666666668,,0
1234567,2022-02-24 21:53:04+00:00,34.597206666666665,142.2012533333333,,0
1234567,2022-02-24 22:39:03+00:00,34.60496166666667,142.43143666666668,,0
1234567,2022-02-24 23:56:49+00:00,34.59666666666667,142.81833333333333,,0
1234567,2022-02-25 00:52:33+00:00,34.59735,143.08746333333332,,0
1234567,2022-02-25 01:58:13+00:00,34.59845,143.40076499999998,,0
1234567,2022-02-25 02:55:03+00:00,34.60189833333333,143.660325,,0
1234567,2022-02-25 03:59:47+00:00,34.602578333333334,143.959715,,0
1234567,2022-02-25 04:54:24+00:00,34.57659,144.21413,,0
1234567,2022-02-25 05:38:54+00:00,34.59396,144.41878,,0
1234567,2022-02-25 06:35:48+00:00,34.593333333333334,144.67666666666668,,0
1234567,2022-02-25 07:52:41+00:00,34.60504,145.01272,,0
1234567,2022-02-25 08:57:52+00:00,34.595940000000006,145.306915,,0
1234567,2022-02-25 09:56:52+00:00,34.595,145.57166666666666,,0
1234567,2022-02-25 10:51:42+00:00,34.590595,145.81982166666666,,0
1234567,2022-02-25 11:57:27+00:00,34.59334,146.11770166666665,,0
1234567,2022-02-25 12:53:01+00:00,34.58858333333333,146.3692783333333,,0
1234567,2022-02-25 13:50:49+00:00,34.61333333333334,146.62,,0
1234567,2022-02-25 14:48:43+00:00,34.59317,146.88040666666666,,0
1234567,2022-02-25 15:57:51+00:00,34.577980000000004,147.182965,,0
1234567,2022-02-25 16:54:02+00:00,34.58331,147.42292,,0
1234567,2022-02-25 17:57:16+00:00,34.57819,147.70628,,0
1234567,2022-02-25 18:57:52+00:00,34.57755833333333,147.95619833333333,,0
1234567,2022-02-25 19:45:23+00:00,34.57634,148.16174,,0
1234567,2022-02-25 20:44:52+00:00,34.575,148.42000000000002,,0
1234567,2022-02-25 21:58:43+00:00,34.57917333333333,148.72621333333333,,0
1234567,2022-02-25 22:59:58+00:00,34.575675000000004,149.01172833333334,,0
1234567,2022-02-25 23:54:29+00:00,34.57179333333333,149.2630166666667,,0
1234567,2022-02-26 00:47:42+00:00,34.570820000000005,149.508455,,0
1234567,2022-02-26 01:57:12+00:00,34.580445000000005,149.84124,,0
1234567,2022-02-26 02:54:48+00:00,34.59299,150.12718333333333,,0
1234567,2022-02-26 03:58:50+00:00,34.5888,150.45523,,0
1234567,2022-02-26 04:59:49+00:00,34.582535,150.7717966666667,,0
1234567,2022-02-26 05:41:25+00:00,34.57846,150.98737333333332,,0
1234567,2022-02-26 06:56:50+00:00,34.575,151.37666666666667,,0
1234567,2022-02-26 07:53:51+00:00,34.57287,151.66907,,0
1234567,2022-02-26 08:56:49+00:00,34.57333333333334,151.98666666666668,,0
1234567,2022-02-26 09:59:18+00:00,34.567706666666666,152.29424,,0
1234567,2022-02-26 10:59:14+00:00,34.566068333333334,152.57817333333332,,0
1234567,2022-02-26 11:58:49+00:00,34.568873333333336,152.85110166666666,,0
1234567,2022-02-26 12:58:34+00:00,34.57459333333334,153.13210333333333,,0
1234567,2022-02-26 13:59:13+00:00,34.56648666666667,153.40880166666665,,0
1234567,2022-02-26 14:59:58+00:00,34.561879999999995,153.68410833333334,,0
1234567,2022-02-26 15:59:29+00:00,34.569314999999996,153.94582333333335,,0
1234567,2022-02-26 16:59:58+00:00,34.56751833333333,154.22008833333334,,0
1234567,2022-02-26 17:59:29+00:00,34.56740833333333,154.49221,,0
1234567,2022-02-26 18:44:50+00:00,34.568333333333335,154.70166666666668,,0
1234567,2022-02-26 19:45:46+00:00,34.57113,154.9882,,0
1234567,2022-02-26 20:57:02+00:00,34.568504999999995,155.32404166666666,,0
1234567,2022-02-26 21:59:18+00:00,34.56212166666667,155.62227166666668,,0
1234567,2022-02-26 22:59:50+00:00,34.56166666666666,155.90833333333333,,0
1234567,2022-02-26 23:55:47+00:00,34.56477333333333,156.160965,,0
1234567,2022-02-27 00:59:59+00:00,34.560534999999994,156.46045166666667,,0
1234567,2022-02-27 01:53:53+00:00,34.56386166666667,156.71465333333333,,0
1234567,2022-02-27 02:59:56+00:00,34.55882333333333,157.023875,,0
1234567,2022-02-27 03:59:52+00:00,34.515,157.29666666666665,,0
1234567,2022-02-27 04:32:00+00:00,34.50433666666667,157.44400333333334,,0
1234567,2022-02-27 05:59:48+00:00,34.486666666666665,157.84833333333333,,0
1234567,2022-02-27 06:53:04+00:00,34.45264,158.09426,,0
1234567,2022-02-27 07:54:30+00:00,34.42204,158.37724,,0
1234567,2022-02-27 08:56:07+00:00,34.427618333333335,158.66461333333334,,0
1234567,2022-02-27 09:59:54+00:00,34.424933333333335,158.95855333333333,,0
1234567,2022-02-27 10:59:55+00:00,34.391571666666664,159.24782666666667,,0
1234567,2022-02-27 11:57:46+00:00,34.34420166666666,159.52463666666665,,0
1234567,2022-02-27 12:59:10+00:00,34.29596,159.81786666666667,,0
1234567,2022-02-27 13:46:19+00:00,34.27083,160.03424,,0
1234567,2022-02-27 14:52:52+00:00,34.227345,160.35381833333335,,0
1234567,2022-02-27 15:59:12+00:00,34.1848,160.69064,,0
1234567,2022-02-27 16:59:54+00:00,34.144490000000005,161.00401833333333,,0
1234567,2022-02-27 17:59:42+00:00,34.11806666666667,161.29986,,0
1234567,2022-02-27 18:52:25+00:00,34.080778333333335,161.56328833333333,,0
1234567,2022-02-27 19:59:51+00:00,34.04,161.88833333333332,,0
1234567,2022-02-27 20:59:46+00:00,33.999405,162.170225,,0
1234567,2022-02-27 21:59:51+00:00,33.973333333333336,162.45833333333334,,0
1234567,2022-02-27 22:59:56+00:00,33.936836666666665,162.75915,,0
1234567,2022-02-27 23:59:51+00:00,33.89904666666667,163.06318166666668,,0
1234567,2022-02-28 00:57:14+00:00,33.86481,163.354325,,0
1234567,2022-02-28 01:51:21+00:00,33.834535,163.61942,,0
1234567,2022-02-28 02:56:25+00:00,33.79083,163.93605833333334,,0
1234567,2022-02-28 03:58:56+00:00,33.75634,164.24074166666665,,0
1234567,2022-02-28 04:59:49+00:00,33.721666666666664,164.535,,0
1234567,2022-02-28 05:35:27+00:00,33.69995166666667,164.70590666666666,,0
1234567,2022-02-28 06:53:31+00:00,33.654223333333334,165.07754666666668,,0
1234567,2022-02-28 07:53:11+00:00,33.62108166666666,165.36112,,0
1234567,2022-02-28 08:59:39+00:00,33.58276333333333,165.67523833333334,,0
1234567,2022-02-28 09:59:36+00:00,33.54846666666666,165.96130333333335,,0
1234567,2022-02-28 10:59:58+00:00,33.51374166666667,166.25650666666667,,0
1234567,2022-02-28 11:59:50+00:00,33.473333333333336,166.54,,0
1234567,2022-02-28 12:59:56+00:00,33.443571666666664,166.81776499999998,,0
1234567,2022-02-28 13:59:52+00:00,33.41302833333334,167.09280500000003,,0
1234567,2022-02-28 14:59:59+00:00,33.373885,167.372085,,0
1234567,2022-02-28 15:54:22+00:00,33.35093666666667,167.62160333333335,,0
1234567,2022-02-28 16:57:48+00:00,33.30918,167.91799,,0
1234567,2022-02-28 17:59:57+00:00,33.27265666666667,168.21303333333333,,0
1234567,2022-02-28 18:58:59+00:00,33.239,168.48660166666664,,0
1234567,2022-02-28 19:59:50+00:00,33.205,168.77833333333334,,0
1234567,2022-02-28 20:56:55+00:00,33.17166666666667,169.05666666666667,,0
1234567,2022-02-28 21:59:37+00:00,33.13612166666667,169.36776333333333,,0
1234567,2022-02-28 22:59:54+00:00,33.09506833333333,169.65351,,0
1234567,2022-02-28 23:59:59+00:00,33.06135333333334,169.93657666666667,,0
